{"entities":{"pages":{"KaranocaVe‘s-blog":{"id":"KaranocaVe‘s-blog","title":"KaranocaVe\u0027s blog","url":"karanocave-s-blog.html","level":0,"tabIndex":0},"worldview":{"id":"worldview","title":"世界观","url":"worldview.html","level":0,"pages":["深入理解scanf"],"tabIndex":1},"深入理解scanf":{"id":"深入理解scanf","title":"深入理解scanf()","url":"scanf.html","level":1,"parentId":"worldview","tabIndex":0},"methodology":{"id":"methodology","title":"方法论","url":"methodology.html","level":0,"tabIndex":2},"problems":{"id":"problems","title":"迷踪","url":"problems.html","level":0,"tabIndex":3}}},"topLevelIds":["KaranocaVe‘s-blog","worldview","methodology","problems"]}