{"entities":{"pages":{"index":{"id":"index","title":"这里是KaranocaVe的个人博客","url":"index_md.html","level":0,"tabIndex":0},"世界观":{"id":"世界观","title":"世界观","url":".html","level":0,"pages":["understand-scanf"],"tabIndex":1},"understand-scanf":{"id":"understand-scanf","title":"深入理解scanf()","url":"understand-scanf.html","level":1,"parentId":"世界观","tabIndex":0},"方法论":{"id":"方法论","title":"方法论","url":".html","level":0,"tabIndex":2},"迷踪":{"id":"迷踪","title":"迷踪","url":".html","level":0,"tabIndex":3}}},"topLevelIds":["index","世界观","方法论","迷踪"]}