{"entities":{"pages":{"indexer":{"id":"indexer","title":"写在最前面","url":"indexer.html","level":0,"tabIndex":0},"worldview":{"id":"worldview","title":"世界观","url":"worldview.html","level":0,"pages":["The-Philosophy","The-C-Programing-Language","The-Math"],"tabIndex":1},"The-Philosophy":{"id":"The-Philosophy","title":"The Philosophy","url":"the-philosophy.html","level":1,"parentId":"worldview","pages":["The-world-is-a-haystack","themainthemeofcurrentinternet"],"tabIndex":0},"The-world-is-a-haystack":{"id":"The-world-is-a-haystack","title":"这个世界是个干草堆","url":"the-world-is-a-haystack.html","level":2,"parentId":"The-Philosophy","tabIndex":0},"themainthemeofcurrentinternet":{"id":"themainthemeofcurrentinternet","title":"偏执充斥着当下的互联网","url":"themainthemeofcurrentinternet.html","level":2,"parentId":"The-Philosophy","tabIndex":1},"The-C-Programing-Language":{"id":"The-C-Programing-Language","title":"The C Programing Language","url":"the-c-programing-language.html","level":1,"parentId":"worldview","pages":["thecpuzzlebook","深入理解scanf"],"tabIndex":1},"thecpuzzlebook":{"id":"thecpuzzlebook","title":"《C语言解惑》批注","url":"thecpuzzlebook.html","level":2,"parentId":"The-C-Programing-Language","tabIndex":0},"深入理解scanf":{"id":"深入理解scanf","title":"深入理解scanf()","url":"scanf.html","level":2,"parentId":"The-C-Programing-Language","tabIndex":1},"The-Math":{"id":"The-Math","title":"The Math","url":"the-math.html","level":1,"parentId":"worldview","pages":["mathanalyze"],"tabIndex":2},"mathanalyze":{"id":"mathanalyze","title":"数学分析","url":"mathanalyze.html","level":2,"parentId":"The-Math","pages":["DANDW"],"tabIndex":0},"DANDW":{"id":"DANDW","title":"可导与可微","url":"dandw.html","level":3,"parentId":"mathanalyze","tabIndex":0},"methodology":{"id":"methodology","title":"方法论","url":"methodology.html","level":0,"tabIndex":2},"problems":{"id":"problems","title":"迷踪","url":"problems.html","level":0,"pages":["fuckconst","ClionChineseError","cantfindscanf"],"tabIndex":3},"fuckconst":{"id":"fuckconst","title":"迂回修改const时遇到的一个问题","url":"fuckconst.html","level":1,"parentId":"problems","tabIndex":0},"ClionChineseError":{"id":"ClionChineseError","title":"Clion控制台中文乱码问题","url":"clionchineseerror.html","level":1,"parentId":"problems","tabIndex":1},"cantfindscanf":{"id":"cantfindscanf","title":"无法找到标识符scanf","url":"cantfindscanf.html","level":1,"parentId":"problems","tabIndex":2},"works":{"id":"works","title":"作品","url":"works.html","level":0,"tabIndex":4}}},"topLevelIds":["indexer","worldview","methodology","problems","works"]}