{"entities":{"pages":{"KaranocaVe‘s-blog":{"id":"KaranocaVe‘s-blog","title":"KaranocaVe\u0027s blog","url":"karanocave-s-blog.html","level":0,"tabIndex":0},"worldview":{"id":"worldview","title":"世界观","url":"worldview.html","level":0,"pages":["The-Philosophy","The-C-Programing-Language","The-Math"],"tabIndex":1},"The-Philosophy":{"id":"The-Philosophy","title":"The Philosophy","url":"the-philosophy.html","level":1,"parentId":"worldview","pages":["The-world-is-a-haystack"],"tabIndex":0},"The-world-is-a-haystack":{"id":"The-world-is-a-haystack","title":"这个世界是个干草堆","url":"the-world-is-a-haystack.html","level":2,"parentId":"The-Philosophy","tabIndex":0},"The-C-Programing-Language":{"id":"The-C-Programing-Language","title":"The C Programing Language","url":"the-c-programing-language.html","level":1,"parentId":"worldview","pages":["深入理解scanf"],"tabIndex":1},"深入理解scanf":{"id":"深入理解scanf","title":"深入理解scanf()","url":"scanf.html","level":2,"parentId":"The-C-Programing-Language","tabIndex":0},"The-Math":{"id":"The-Math","title":"The Math","url":"the-math.html","level":1,"parentId":"worldview","pages":["qqdkyuwzff"],"tabIndex":2},"qqdkyuwzff":{"id":"qqdkyuwzff","title":"可导与可微","url":"qqdkyuwzff.html","level":2,"parentId":"The-Math","tabIndex":0},"methodology":{"id":"methodology","title":"方法论","url":"methodology.html","level":0,"tabIndex":2},"problems":{"id":"problems","title":"迷踪","url":"problems.html","level":0,"pages":["fuckconst","cantfindscanf","ClionChineseError"],"tabIndex":3},"fuckconst":{"id":"fuckconst","title":"迂回修改const时遇到的一个问题","url":"fuckconst.html","level":1,"parentId":"problems","tabIndex":0},"cantfindscanf":{"id":"cantfindscanf","title":"无法找到标识符scanf","url":"cantfindscanf.html","level":1,"parentId":"problems","tabIndex":1},"ClionChineseError":{"id":"ClionChineseError","title":"Clion控制台中文乱码问题","url":"clionchineseerror.html","level":1,"parentId":"problems","tabIndex":2},"cite":{"id":"cite","title":"摘抄","url":"cite.html","level":0,"tabIndex":4}}},"topLevelIds":["KaranocaVe‘s-blog","worldview","methodology","problems","cite"]}