{"entities":{"pages":{"KaranocaVe‘s-blog":{"id":"KaranocaVe‘s-blog","title":"KaranocaVe\u0027s blog","url":"karanocave-s-blog.html","level":0,"tabIndex":0},"worldview":{"id":"worldview","title":"世界观","url":"worldview.html","level":0,"pages":["The-world-is-a-haystack","深入理解scanf"],"tabIndex":1},"The-world-is-a-haystack":{"id":"The-world-is-a-haystack","title":"这个世界是个干草堆","url":"the-world-is-a-haystack.html","level":1,"parentId":"worldview","tabIndex":0},"深入理解scanf":{"id":"深入理解scanf","title":"深入理解scanf()","url":"scanf.html","level":1,"parentId":"worldview","tabIndex":1},"methodology":{"id":"methodology","title":"方法论","url":"methodology.html","level":0,"tabIndex":2},"problems":{"id":"problems","title":"迷踪","url":"problems.html","level":0,"pages":["cantfindscanf","ClionChineseError"],"tabIndex":3},"cantfindscanf":{"id":"cantfindscanf","title":"无法找到标识符scanf","url":"cantfindscanf.html","level":1,"parentId":"problems","tabIndex":0},"ClionChineseError":{"id":"ClionChineseError","title":"Clion控制台中文乱码问题","url":"clionchineseerror.html","level":1,"parentId":"problems","tabIndex":1}}},"topLevelIds":["KaranocaVe‘s-blog","worldview","methodology","problems"]}