{"entities":{"pages":{"indexer":{"id":"indexer","title":"写在最前面","url":"indexer.html","level":0,"tabIndex":0},"worldview":{"id":"worldview","title":"世界观","url":"worldview.html","level":0,"pages":["The-Cpp-Programing-Language","The-Philosophy","The-C-Programing-Language","The-Math"],"tabIndex":1},"The-Cpp-Programing-Language":{"id":"The-Cpp-Programing-Language","title":"The C++ Programing Language","url":"the-cpp-programing-language.html","level":1,"parentId":"worldview","pages":["速查表","hints"],"tabIndex":0},"速查表":{"id":"速查表","title":"速查表","url":"速查表.html","level":2,"parentId":"The-Cpp-Programing-Language","tabIndex":0},"hints":{"id":"hints","title":"hints","url":"hints.html","level":2,"parentId":"The-Cpp-Programing-Language","tabIndex":1},"The-Philosophy":{"id":"The-Philosophy","title":"The Philosophy","url":"the-philosophy.html","level":1,"parentId":"worldview","pages":["《善的脆弱性》","《存在与虚无》导读","The-world-is-a-haystack","themainthemeofcurrentinternet"],"tabIndex":1},"《善的脆弱性》":{"id":"《善的脆弱性》","title":"《善的脆弱性》","url":"善的脆弱性.html","level":2,"parentId":"The-Philosophy","tabIndex":0},"《存在与虚无》导读":{"id":"《存在与虚无》导读","title":"《存在与虚无》导读","url":"存在与虚无-导读.html","level":2,"parentId":"The-Philosophy","tabIndex":1},"The-world-is-a-haystack":{"id":"The-world-is-a-haystack","title":"这个世界是个干草堆","url":"the-world-is-a-haystack.html","level":2,"parentId":"The-Philosophy","tabIndex":2},"themainthemeofcurrentinternet":{"id":"themainthemeofcurrentinternet","title":"偏执充斥着当下的互联网","url":"themainthemeofcurrentinternet.html","level":2,"parentId":"The-Philosophy","tabIndex":3},"The-C-Programing-Language":{"id":"The-C-Programing-Language","title":"The C Programing Language","url":"the-c-programing-language.html","level":1,"parentId":"worldview","pages":["cessential","concept","thecpuzzlebook","深入理解scanf"],"tabIndex":2},"cessential":{"id":"cessential","title":"速查表","url":"cessential.html","level":2,"parentId":"The-C-Programing-Language","tabIndex":0},"concept":{"id":"concept","title":"hints","url":"concept.html","level":2,"parentId":"The-C-Programing-Language","tabIndex":1},"thecpuzzlebook":{"id":"thecpuzzlebook","title":"《C语言解惑》批注","url":"thecpuzzlebook.html","level":2,"parentId":"The-C-Programing-Language","tabIndex":2},"深入理解scanf":{"id":"深入理解scanf","title":"深入理解scanf()","url":"深入理解scanf.html","level":2,"parentId":"The-C-Programing-Language","tabIndex":3},"The-Math":{"id":"The-Math","title":"The Math","url":"the-math.html","level":1,"parentId":"worldview","pages":["mathanalyze"],"tabIndex":3},"mathanalyze":{"id":"mathanalyze","title":"数学分析","url":"mathanalyze.html","level":2,"parentId":"The-Math","pages":["DANDW"],"tabIndex":0},"DANDW":{"id":"DANDW","title":"可导与可微","url":"dandw.html","level":3,"parentId":"mathanalyze","tabIndex":0},"methodology":{"id":"methodology","title":"方法论","url":"methodology.html","level":0,"tabIndex":2},"problems":{"id":"problems","title":"迷踪","url":"problems.html","level":0,"pages":["fuckconst","ClionChineseError","cantfindscanf"],"tabIndex":3},"fuckconst":{"id":"fuckconst","title":"迂回修改const时遇到的一个问题","url":"fuckconst.html","level":1,"parentId":"problems","tabIndex":0},"ClionChineseError":{"id":"ClionChineseError","title":"Clion控制台中文乱码问题","url":"clionchineseerror.html","level":1,"parentId":"problems","tabIndex":1},"cantfindscanf":{"id":"cantfindscanf","title":"无法找到标识符scanf","url":"cantfindscanf.html","level":1,"parentId":"problems","tabIndex":2},"works":{"id":"works","title":"作品","url":"works.html","level":0,"tabIndex":4},"艺术人生":{"id":"艺术人生","title":"艺术人生","url":"艺术人生.html","level":0,"pages":["列表","reading"],"tabIndex":5},"列表":{"id":"列表","title":"列表","url":"列表.html","level":1,"parentId":"艺术人生","tabIndex":0},"reading":{"id":"reading","title":"读书","url":"reading.html","level":1,"parentId":"艺术人生","pages":["shortnovel","B076KVMFB4"],"tabIndex":1},"shortnovel":{"id":"shortnovel","title":"短篇","url":"shortnovel.html","level":2,"parentId":"reading","pages":["goldrose"],"tabIndex":0},"goldrose":{"id":"goldrose","title":"《金蔷薇》帕乌斯托夫斯基","url":"goldrose.html","level":3,"parentId":"shortnovel","tabIndex":0},"B076KVMFB4":{"id":"B076KVMFB4","title":"设计中的设计-原研哉","url":"b076kvmfb4.html","level":2,"parentId":"reading","tabIndex":1}}},"topLevelIds":["indexer","worldview","methodology","problems","works","艺术人生"]}